,x,fun,nfev,nit,message,success,jac
0,66.85193476356919,0.46613051498995517,159,83,Optimization terminated successfully.,True,2.477725370530506
1,-4.999958696126711,0.46613051498995517,159,83,Optimization terminated successfully.,True,0.24449680206917151
